<?xml version="1.0"?>
<pagescount>
	<html_total>35</html_total>
	<html_done>5</html_done>
	<images>147</images>
	<script>20</script>
	<css>8</css>
	<pdf/>
	<documents/>
	<excel/>
	<powerpoint/>
	<flash/>
	<audios/>
	<videos/>
	<xml/>
	<json/>
	<txt/>
	<autocad/>
	<model_3d/>
	<fonts>14</fonts>
	<scraping_reload>1</scraping_reload>
	<is_pretty_url>false</is_pretty_url>
	<has_trailing_slash>false</has_trailing_slash>
	<is_ebn>false</is_ebn>
	<email>kunal07.2006@gmail.com</email>
	<theme_name>WmdTheme936364</theme_name>
	<server_url_front_page>https://www6.waybackmachinedownloader.com/wdo/files/demo/themes-park.net_kunal07.2006_gmail.com_euel79muz4/</server_url_front_page>
	<no_www_url>themes-park.net</no_www_url>
	<hosted_domain/>
	<original_archive_url>https://themes-park.net/product/html/reeni/index.html</original_archive_url>
	<final_archive_url>https://themes-park.net/product/html/reeni/index.html</final_archive_url>
	<front_page_code_date/>
	<total_urls_from_api/>
	<max_reached_live>false</max_reached_live>
	<scrape_other_captures>false</scrape_other_captures>
	<total_size>20256</total_size>
</pagescount>
